Type;Id;Name;NewId;HasNewId;ExtName;Unique;
Codeunit;81535;Approvals Mgmt. (Ext);70080;True;ApprovalExt;;
Codeunit;99998;Isolated Storage Management BS;70100;True;BankStatement;;
Codeunit;99999;Additional Management BS;70101;True;BankStatement;;
Codeunit;50011;G/L Account Mapping Migration;70000;True;GeneralExt;1;
Codeunit;50004;Cen. Jnl. -Post Line (Ext);70001;True;GeneralExt;;
Codeunit;50005;Code Monkey Translation;70002;True;GeneralExt;;
Codeunit;50006;Base App. Subscribers Mgt.;70003;True;GeneralExt;;
Codeunit;50007;Dimension Management (Ext);70004;True;GeneralExt;;
Codeunit;50012;Period Management Ext;70005;True;GeneralExt;;
Codeunit;50013;Project Budget Management;70006;True;GeneralExt;;
Codeunit;50014;Gen. Jnl.-Post Batch (Ext);70007;True;GeneralExt;;
Codeunit;50015;Isolated Storage Management GE;70008;True;GeneralExt;;
Codeunit;50200;Local Report Management Ext;70009;True;GeneralExt;;
Codeunit;70000;ERPC Funtions;70010;True;GeneralExt;;
Codeunit;70004;Inven.-Get Inventory;70011;True;GeneralExt;;
Codeunit;70005;Barcode;70012;True;GeneralExt;;
Codeunit;70008;IFRS Management;70013;True;GeneralExt;;
Codeunit;70023;G/L Calculation Management;70014;True;GeneralExt;;
Codeunit;81521;Workflow Response Handling Ext;70015;True;GeneralExt;;
Codeunit;85642;FA Reclass. Transfer Line Ext;70016;True;GeneralExt;;
Codeunit;99100;Crm Worker Rest;70017;True;GeneralExt;;
Codeunit;99400;Rocket Science;70018;True;GeneralExt;;
Codeunit;99401;CRM Tester;70019;True;GeneralExt;;
Codeunit;99930;CRM Integration API;70020;True;GeneralExt;;
Codeunit;99931;Web Request Queue Dispatcher;70021;True;GeneralExt;;
Codeunit;99932;CRM Worker;70022;True;GeneralExt;;
Codeunit;99933;CRM Import Objects;70023;True;GeneralExt;;
Codeunit;99934;Crm Log Management;70024;True;GeneralExt;;
Codeunit;99935;CRM Object Xml to Json;70025;True;GeneralExt;;
Codeunit;50010;Payment Order Management;70026;True;RequestExt;;
Codeunit;99900;Scanning Helper;70095;True;WhseMgtExt;;
Enum;99998;Custom Transformation Type BS;70900;True;BankStatement;;
Enum;99999;Taxpayer Status Enum BS;70901;True;BankStatement;;
Enum;99940;Border Style;70700;True;ExcelBufferModExt;;
Enum;99933;Json Field Type;50000;True;GeneralExt;1;
Enum;50000;Analysis Type;70000;True;GeneralExt;;
Enum;50008;Amount Type;70008;True;GeneralExt;;
Enum;50009;Transfer Header Giv. Type;70009;True;GeneralExt;;
Enum;50010;Purchase Comment Add. Type;70010;True;GeneralExt;;
Enum;50011;IFRS Transfer Status;70011;True;GeneralExt;;
Enum;99100;Crm Json Field;70012;True;GeneralExt;;
Enum;99930;CRM Object Type;70013;True;GeneralExt;;
Enum;99931;CRM Log Status;70014;True;GeneralExt;;
Enum;99932;CRM Import Action;70015;True;GeneralExt;;
Enum;99934;Investment Object Type;70017;True;GeneralExt;;
Enum;50001;Purchase Act Type;70600;True;RequestExt;;
Enum;50002;Purchase Problem Type;70601;True;RequestExt;;
Enum;50003;Purchase Act Approval Status;70602;True;RequestExt;;
Enum;50004;Purchase Approval Status;70603;True;RequestExt;;
Enum;50005;User Setup Act Approval Status;70604;True;RequestExt;;
Enum;50006;User Setup Approval Status;70605;True;RequestExt;;
Enum;50007;Gen. Journal Approval Status;70606;True;RequestExt;;
EnumExtension;80077;Report Selection Usage Ext;80077;False;GeneralExt;;
EnumExtension;80083;Item Journal Template Type GE;80083;False;GeneralExt;;
EnumExtension;81173;Attachment Document Type (Ext);81173;False;GeneralExt;;
Page;50100;G/L Account Mapping;50000;True;GeneralExt;1;
Page;50102;Dimension Mapping;50001;True;GeneralExt;1;
Page;50104;Location Mapping;50002;True;GeneralExt;1;
Page;70103;Act Stage;50003;True;GeneralExt;1;
Page;90000;Event Subscriptions (Ext);50004;True;GeneralExt;1;
Page;90001;License Information;50005;True;GeneralExt;1;
Page;90002;AllObjWithCaption;50006;True;GeneralExt;1;
Page;99400;Klaz Klaz;50007;True;GeneralExt;1;
Page;50000;IFRS Statutory Account Mapping;70000;True;GeneralExt;;
Page;50001;IFRS Stat. Acc. Map. Versions;70001;True;GeneralExt;;
Page;50002;IFRS Stat. Acc. Map. Vers.Line;70002;True;GeneralExt;;
Page;50003;Chart of IFRS Accounts;70003;True;GeneralExt;;
Page;50004;IFRS Accounting Periods;70004;True;GeneralExt;;
Page;50005;IFRSEntriesForTransfer;70005;True;GeneralExt;;
Page;50015;Calculation General Journal;70006;True;GeneralExt;;
Page;50016;Calc. Gen. Journal Update;70007;True;GeneralExt;;
Page;50017;Calc. Operand Subform;70008;True;GeneralExt;;
Page;50026;Giv. Prod. Order;70009;True;GeneralExt;;
Page;50029;Giv. Prod. Order Shipment;70010;True;GeneralExt;;
Page;50030;Giv. Prod. Order Receipt;70011;True;GeneralExt;;
Page;50031;Giv. Prod. Order Job;70012;True;GeneralExt;;
Page;50032;Giv. Prod. Order List;70013;True;GeneralExt;;
Page;50045;Purch. Order Act PayReq. List;70014;True;GeneralExt;;
Page;50046;P. Order Act PayReqListArch;70015;True;GeneralExt;;
Page;50092;Giv. Transfer Order;70016;True;GeneralExt;;
Page;50093;Giv. Transfer Order Subform;70017;True;GeneralExt;;
Page;50097;Item G/L Turnover GE;70018;True;GeneralExt;;
Page;50101;Create ST Proj Budget Entries;70019;True;GeneralExt;;
Page;50103;Summary CF Control Matrix;70020;True;GeneralExt;;
Page;50105;Vendor Agreement Details List;70021;True;GeneralExt;;
Page;50106;Original Budget;70022;True;GeneralExt;;
Page;70009;Posted Gen. Journals_;70023;True;GeneralExt;;
Page;70069;Get Item Ledger Entry Lines;70024;True;GeneralExt;;
Page;70076;Investment Objects;70025;True;GeneralExt;;
Page;70077;Investment Object Card;70026;True;GeneralExt;;
Page;70090;Investment Agreements;70027;True;GeneralExt;;
Page;70091;Investment Agreement Card;70028;True;GeneralExt;;
Page;70109;Req Subform;70029;True;GeneralExt;;
Page;70112;Development Setup;70030;True;GeneralExt;;
Page;70119;Projects Version;70031;True;GeneralExt;;
Page;70127;Projects Budget Entry;70032;True;GeneralExt;;
Page;70141;Forecast List;70033;True;GeneralExt;;
Page;70143;Forecast List Analisys;70034;True;GeneralExt;;
Page;70159;Projects Article List;70035;True;GeneralExt;;
Page;70164;Vendor Agreement Details;70036;True;GeneralExt;;
Page;70166;Vendor Agreement Budget;70037;True;GeneralExt;;
Page;70171;Proj. Cost Control Entry Buf.;70038;True;GeneralExt;;
Page;70177;Payment Invoices Detailed;70039;True;GeneralExt;;
Page;70188;Budget Corrections;70040;True;GeneralExt;;
Page;70189;Budget Correction Card;70041;True;GeneralExt;;
Page;70190;Budget Correction Journal Sub;70042;True;GeneralExt;;
Page;70205;Forecast Versions;70043;True;GeneralExt;;
Page;70209;Cost Control Construction;70044;True;GeneralExt;;
Page;70213;Projects CC Entry Constr 2;70045;True;GeneralExt;;
Page;70215;Budget Cor. Journal Constr;70046;True;GeneralExt;;
Page;70217;Change Entry;70047;True;GeneralExt;;
Page;70222;Forecast List Analisys Correct;70048;True;GeneralExt;;
Page;70224;Cash Flow Transaction Type;70049;True;GeneralExt;;
Page;70226;CRM Integration Setup;70050;True;GeneralExt;;
Page;70227;CRM Log;70051;True;GeneralExt;;
Page;70228;CRM Company;70052;True;GeneralExt;;
Page;70243;Invoice Detail;70053;True;GeneralExt;;
Page;70252;Credit-Memo Reason;70054;True;GeneralExt;;
Page;70255;Summ. Cash Flow Control Detail;70055;True;GeneralExt;;
Page;70256;Summary Cash Flow Control;70056;True;GeneralExt;;
Page;70257;CRM Units and Buyers;70057;True;GeneralExt;;
Page;70284;Cust. E-Mail Notify Log;70058;True;GeneralExt;;
Page;70300;Giv. Transfer Orders;70059;True;GeneralExt;;
Page;70301;Privete Dimension Values;70060;True;GeneralExt;;
Page;99110;Crm Unit;70061;True;GeneralExt;;
Page;99111;Crm Unit Buyer;70062;True;GeneralExt;;
Page;99112;Crm Contact;70063;True;GeneralExt;;
Page;99113;Crm Contract;70064;True;GeneralExt;;
Page;99114;Anaplan Bound Balance Entity;70065;True;GeneralExt;;
Page;99115;Anaplan Bound Balance;70066;True;GeneralExt;;
Page;99880;BW Account;70067;True;GeneralExt;;
Page;99881;BW Accounts (ODATA);70068;True;GeneralExt;;
Page;99882;BW Dimensions;70069;True;GeneralExt;;
Page;99883;BW Dimensions (ODATA);70070;True;GeneralExt;;
Page;99884;BW Translation Entry;70071;True;GeneralExt;;
Page;99885;BW Translation Entry (ODATA);70072;True;GeneralExt;;
Page;99930;Web Request Worker Setup;70073;True;GeneralExt;;
Page;99931;Web Request Queue;70074;True;GeneralExt;;
Page;99932;CRM Prefetched Objects;70075;True;GeneralExt;;
Page;50080;Vendor Excel;70076;True;RequestExt;;
Page;50081;Vendor Excel Subform;70077;True;RequestExt;;
Page;50082;Vendor Excel List;70078;True;RequestExt;;
Page;70000;Purchase Order App;70079;True;RequestExt;;
Page;70001;Purchase Order App Subform;70080;True;RequestExt;;
Page;70002;Purchase List App;70081;True;RequestExt;;
Page;70004;Documents Approval;70082;True;RequestExt;;
Page;70005;Payment Request Card;70083;True;RequestExt;;
Page;70130;Purchase List Controller;70084;True;RequestExt;;
Page;70160;Problem Document Set;70085;True;RequestExt;;
Page;70260;Purchase Order Act;70086;True;RequestExt;;
Page;70261;Purchase Order Act Subform;70087;True;RequestExt;;
Page;70262;Purchase List Act;70088;True;RequestExt;;
Page;70269;Barcode Act Document;70089;True;RequestExt;;
Page;71000;Purchase Order App Archive;70090;True;RequestExt;;
Page;71001;Purchase Order App Arch. Sub.;70091;True;RequestExt;;
Page;71002;Purchase List App Archive;70092;True;RequestExt;;
Page;71260;Purchase Order Act Archive;70093;True;RequestExt;;
Page;71261;Purchase Order Act Arch. Sub.;70094;True;RequestExt;;
Page;71262;Purchase List Act Archive;70095;True;RequestExt;;
Page;71263;Archiving Document;70096;True;RequestExt;;
Page;71264;Document Attach. Details Arch.;70097;True;RequestExt;;
Page;71265;Request Approval Entries Arch.;70098;True;RequestExt;;
Page;71266;Request Appr. Comments Arch.;70099;True;RequestExt;;
Page;71267;Reject Approval;70100;True;RequestExt;;
Page;71268;Request Approval Entries;70101;True;RequestExt;;
Page;71269;Request Change Log Entries;70102;True;RequestExt;;
Page;99900;Purchase Scanning List;70250;True;WhseMgtExt;;
Page;99901;Scanning;70251;True;WhseMgtExt;;
Page;99902;ItemList1;70252;True;WhseMgtExt;;
Page;99903;UOMList;70253;True;WhseMgtExt;;
Page;99904;ScanningHistory;70254;True;WhseMgtExt;;
Page;99905;ScanEnterQty;70255;True;WhseMgtExt;;
Page;99906;ItemList2;70256;True;WhseMgtExt;;
Page;99907;EnterQty;70257;True;WhseMgtExt;;
Page;99908;ItemList3;70258;True;WhseMgtExt;;
Page;99909;ItemList4;70259;True;WhseMgtExt;;
Page;99910;ChooseMatDel;70260;True;WhseMgtExt;;
Page;99911;Transfer Scanning List;70261;True;WhseMgtExt;;
Page;99912;Writeoff Scanning List;70262;True;WhseMgtExt;;
Page;99913;ChooseMatDel2;70263;True;WhseMgtExt;;
Page;99914;TransfOrderDataIns;70264;True;WhseMgtExt;;
Page;99915;WriteoffDataIns;70265;True;WhseMgtExt;;
Page;99916;MatOrderDataIns;70266;True;WhseMgtExt;;
Page;99917;InventoryDataInsert;70267;True;WhseMgtExt;;
Page;99918;InventoryScanning;70268;True;WhseMgtExt;;
Page;99919;ScanningBuffer;70269;True;WhseMgtExt;;
PageExtension;99990;Payment Journal BS;70900;True;BankStatement;;
PageExtension;99991;General Journal Batches BS;70901;True;BankStatement;;
PageExtension;99992;Bank Acc. Reconciliation BS;70902;True;BankStatement;;
PageExtension;99993;Bank Acc. Reconcil. Lines BS;70903;True;BankStatement;;
PageExtension;99994;Bank Acc. Reconcil. List BS;70904;True;BankStatement;;
PageExtension;99995;Transformation Rule Card BS;70905;True;BankStatement;;
PageExtension;99996;Transformation Rules BS;70906;True;BankStatement;;
PageExtension;99997;Data Exch Field Map. Part BS;70907;True;BankStatement;;
PageExtension;99998;Bank Account Ledger Entries BS;70908;True;BankStatement;;
PageExtension;99999;Bank Account Card BS;70909;True;BankStatement;;
PageExtension;80001;Company Information (Ext);80001;False;GeneralExt;;
PageExtension;80015;Location List (Ext);80015;False;GeneralExt;;
PageExtension;80017;G/L Account Card (Ext);80017;False;GeneralExt;;
PageExtension;80020;General Ledger Entries (Ext);80020;False;GeneralExt;;
PageExtension;80021;Customer Card (Ext);80021;False;GeneralExt;;
PageExtension;80022;Customer List (Ext);80022;False;GeneralExt;;
PageExtension;80026;Vendor Card (Ext);80026;False;GeneralExt;;
PageExtension;80027;Vendor List (Ext);80027;False;GeneralExt;;
PageExtension;80029;Vendor Ledger Entries (Ext);80029;False;GeneralExt;;
PageExtension;80038;Item Ledger Entries (Ext);80038;False;GeneralExt;;
PageExtension;80039;General Journal (Ext);80039;False;GeneralExt;;
PageExtension;80043;Sales Invoice (Ext);80043;False;GeneralExt;;
PageExtension;80044;Sales Credit Memo (Ext);80044;False;GeneralExt;;
PageExtension;80047;Sales Invoice Subform (Ext);80047;False;GeneralExt;;
PageExtension;80050;Purchase Order Ext;80050;False;GeneralExt;;
PageExtension;80051;Purchase Invoice Ext;80051;False;GeneralExt;;
PageExtension;80066;Purch. Comment Sheet (Ext);80066;False;GeneralExt;;
PageExtension;80096;Sales Cr. Memo Subform (Ext);80096;False;GeneralExt;;
PageExtension;80118;General Ledger Setup (Ext);80118;False;GeneralExt;;
PageExtension;80119;User Setup (Ext);80119;False;GeneralExt;;
PageExtension;80132;Posted Sales Invoice Ext;80132;False;GeneralExt;;
PageExtension;80134;Posted Sales Credit Memo (Ext);80134;False;GeneralExt;;
PageExtension;80139;Posted Purch. Invoice Sub. GE;80139;False;GeneralExt;;
PageExtension;80141;Posted Purch. Cr. Memo Sub. GE;80141;False;GeneralExt;;
PageExtension;80251;General Journal Batches (Ext);80251;False;GeneralExt;;
PageExtension;80256;Payment Journal (Ext);80256;False;GeneralExt;;
PageExtension;80347;Report Selection - Purch. Ext;80347;False;GeneralExt;;
PageExtension;80370;Bank Account Card Ext;80370;False;GeneralExt;;
PageExtension;80426;Vendor Bank Account List Ext;80426;False;GeneralExt;;
PageExtension;80459;Sales & Receiv. Setup (Ext);80459;False;GeneralExt;;
PageExtension;80460;Purchases & Payab. Setup (Ext);80460;False;GeneralExt;;
PageExtension;80461;Inventory Setup (Ext);80461;False;GeneralExt;;
PageExtension;80472;VAT Posting Setup GE;80472;False;GeneralExt;;
PageExtension;80473;VAT Posting Setup Card GE;80473;False;GeneralExt;;
PageExtension;80480;Edit Dimension Set Entries Ext;80480;False;GeneralExt;;
PageExtension;80537;Dimension Values Ext;80537;False;GeneralExt;;
PageExtension;80539;MyDim Value Comb Ext;80539;False;GeneralExt;;
PageExtension;80560;Dimension Value List (Ext);80560;False;GeneralExt;;
PageExtension;80660;Approval Comments (Ext);80660;False;GeneralExt;;
PageExtension;80663;Approval User Setup (Ext);80663;False;GeneralExt;;
PageExtension;81173;Document Attachments (Ext);81173;False;GeneralExt;;
PageExtension;84900;Customer Agreements (Ext);84900;False;GeneralExt;;
PageExtension;85050;Contact Card (Ext);85050;False;GeneralExt;;
PageExtension;85179;Purch. Arch. Comment Sheet Ext;85179;False;GeneralExt;;
PageExtension;85601;Fixed Asset List (Ext);85601;False;GeneralExt;;
PageExtension;85607;Fixed Asset Setup (Ext);85607;False;GeneralExt;;
PageExtension;85703;Location Card (Ext);85703;False;GeneralExt;;
PageExtension;85740;Transfer Order (Ext);85740;False;GeneralExt;;
PageExtension;85741;Transfer Order Subform (Ext);85741;False;GeneralExt;;
PageExtension;85742;Transfer Orders (Ext);85742;False;GeneralExt;;
PageExtension;85744;Posted Trans. Shpt. Sub. (Ext);85744;False;GeneralExt;;
PageExtension;85745;Posted Transfer Receipt (Ext);85745;False;GeneralExt;;
PageExtension;85746;Posted Trans. Rcpt. Sub. (Ext);85746;False;GeneralExt;;
PageExtension;87303;Bin List (Ext);87303;False;GeneralExt;;
PageExtension;92426;Cash Account Card (Ext);92426;False;GeneralExt;;
PageExtension;92431;Advance Statement Ext;92431;False;GeneralExt;;
PageExtension;92432;Advance Statement Subform Ext;92432;False;GeneralExt;;
PageExtension;92450;Item Receipt (Ext);92450;False;GeneralExt;;
PageExtension;92451;Item Receipt Subform (Ext);92451;False;GeneralExt;;
PageExtension;92452;Item Shipment (Ext);92452;False;GeneralExt;;
PageExtension;92453;Item Shipment Subform (Ext);92453;False;GeneralExt;;
PageExtension;92458;Posted Item Receipt Sub. GE;92458;False;GeneralExt;;
PageExtension;92461;Posted Item Shipment Sub. GE;92461;False;GeneralExt;;
PageExtension;92471;FA Writeoff Act Subform (Ext);92471;False;GeneralExt;;
PageExtension;92473;Posted FA Writeoff Act Sub Ext;92473;False;GeneralExt;;
PageExtension;92475;FA Release Act Subform (Ext);92475;False;GeneralExt;;
PageExtension;92477;Posted FA Release Act Sub. Ext;92477;False;GeneralExt;;
PageExtension;92479;FA Movement Act Subform (Ext);92479;False;GeneralExt;;
PageExtension;92481;Posted FA Movem. Act Sub. Ext;92481;False;GeneralExt;;
PageExtension;94901;Customer Agreement Card (Ext);94901;False;GeneralExt;;
PageExtension;94902;Vendor Agreement Card (Ext);94902;False;GeneralExt;;
PageExtension;94913;Vendor Agreements (Ext);94913;False;GeneralExt;;
PageExtension;94919;Excel Templates (Ext);94919;False;GeneralExt;;
PageExtension;94925;VAT Settlement Worksheet GE;94925;False;GeneralExt;;
PageExtension;94983;Direct Transfer (Ext);94983;False;GeneralExt;;
Report;50121;Notification Email Act. Inv.;70320;True;ApprovalExt;;
Report;99998;TransferExcelTemplates;70380;True;BankStatement;;
Report;99999;Bank Payment Order BS;70381;True;BankStatement;;
Report;50120;Data Migration From Excel;50000;True;GeneralExt;1;
Report;50999;TempStarter;50001;True;GeneralExt;1;
Report;99996;Select Latest Version;50002;True;GeneralExt;1;
Report;99997;Import Item Remains;50003;True;GeneralExt;1;
Report;50005;Payment Report;70000;True;GeneralExt;;
Report;50009;Import Budget CC;70001;True;GeneralExt;;
Report;50010;Fix Forecast;70002;True;GeneralExt;;
Report;50038;Excel Account Invoices;70003;True;GeneralExt;;
Report;50063;Share Participant Act 2;70004;True;GeneralExt;;
Report;50065;Create Guarantee Deduction;70005;True;GeneralExt;;
Report;50082;ExportSubform;70006;True;GeneralExt;;
Report;50093;Posted Proforma Invoice;70007;True;GeneralExt;;
Report;50094;Find Error 70095;70008;True;GeneralExt;;
Report;50105;FA Turnover (Excel);70009;True;GeneralExt;;
Report;50122;Import General Journal Lines;70010;True;GeneralExt;;
Report;50270;Change Vendor Agreement;70011;True;GeneralExt;;
Report;70009;Item Shipment M-19;70012;True;GeneralExt;;
Report;70043;Payment Request;70013;True;GeneralExt;;
Report;70055;Get Lines for Budget Constr;70014;True;GeneralExt;;
Report;70060;Cust. Payment Notif. Email;70015;True;GeneralExt;;
Report;70075;Item Shipment M-15;70016;True;GeneralExt;;
Report;70100;FA Write-off Act FA-4b;70017;True;GeneralExt;;
Report;70101;FA Release Act FA-1a;70018;True;GeneralExt;;
Report;70102;Fa Release Act FA-1b;70019;True;GeneralExt;;
Report;70200;Import Vendor Invoice;70020;True;GeneralExt;;
Report;70201;Fin Operation Import;70021;True;GeneralExt;;
Report;80120;Aged Accounts Receivable Ext;70022;True;GeneralExt;;
Report;80322;Aged Accounts Payable Ext;70023;True;GeneralExt;;
Report;82475;Purchase Receipt M-4 Ext;70024;True;GeneralExt;;
Report;92411;Order Factura-Invoice (A) Ext;70025;True;GeneralExt;;
Report;92418;Posted Factura-Invoice (A) ext;70026;True;GeneralExt;;
Report;92426;Act Performed Work;70027;True;GeneralExt;;
Report;92427;Posted Act Performed Work;70028;True;GeneralExt;;
Report;92470;Copy Item Document (Ext);70029;True;GeneralExt;;
Report;92485;FA Comparative Sh. INV-18 New;70030;True;GeneralExt;;
Report;92495;FA Inventory Card FA-6 (Ext);70031;True;GeneralExt;;
Report;94921;FA Phys. Inventory INV-1a New;70032;True;GeneralExt;;
Report;94926;Inv. for Deferrals INV-11 New;70033;True;GeneralExt;;
Report;50040;Cover Sheet;70330;True;RequestExt;;
Report;70050;Create Payment Journal;70331;True;RequestExt;;
Table;50005;Request Approval Entry Archive;70190;True;ApprovalExt;;
Table;50006;Request Appr. Com. Line Arch.;70191;True;ApprovalExt;;
Table;99940;Excel Buffer Mod;70210;True;ExcelBufferModExt;;
Table;50001;G/L Account Mapping;50000;True;GeneralExt;1;
Table;50002;Dimension Mapping;50001;True;GeneralExt;1;
Table;50004;Location Mapping;50002;True;GeneralExt;1;
Table;70065;Objects Act;50003;True;GeneralExt;1;
Table;70066;Act Lines;50004;True;GeneralExt;1;
Table;70067;Act Stage;50005;True;GeneralExt;1;
Table;99400;Test rec;50006;True;GeneralExt;1;
Table;50003;Original Budget;70000;True;GeneralExt;;
Table;50090;ImportDimPivot;70001;True;GeneralExt;;
Table;50091;ImportDimDocPivot;70002;True;GeneralExt;;
Table;70002;IFRS Statutory Account Mapping;70003;True;GeneralExt;;
Table;70003;IFRS Stat. Acc. Map. Vers.;70004;True;GeneralExt;;
Table;70004;IFRS Stat. Acc. Map. Vers.Line;70005;True;GeneralExt;;
Table;70005;IFRS Account;70006;True;GeneralExt;;
Table;70006;IFRS Accounting Period;70007;True;GeneralExt;;
Table;70043;Calc. Gen Journal Operand;70008;True;GeneralExt;;
Table;70044;Calculation Month;70009;True;GeneralExt;;
Table;70045;Calculation Journal Line;70010;True;GeneralExt;;
Table;70048;Giv. Prod. Order;70011;True;GeneralExt;;
Table;70049;Cash Flow Transaction Type;70012;True;GeneralExt;;
Table;70050;Building Project;70013;True;GeneralExt;;
Table;70051;Building Turn;70014;True;GeneralExt;;
Table;70053;Investment Object;70015;True;GeneralExt;;
Table;70070;Development Setup;70016;True;GeneralExt;;
Table;70071;Projects Article;70017;True;GeneralExt;;
Table;70072;Projects Structure;70018;True;GeneralExt;;
Table;70073;Projects Structure Lines;70019;True;GeneralExt;;
Table;70074;Projects Line Dimension;70020;True;GeneralExt;;
Table;70075;Project Version;70021;True;GeneralExt;;
Table;70076;Projects Budget Entry;70022;True;GeneralExt;;
Table;70078;Projects Budget Entry Link;70023;True;GeneralExt;;
Table;70094;Vendor Agreement Details;70024;True;GeneralExt;;
Table;70095;Projects Cost Control Entry;70025;True;GeneralExt;;
Table;70101;Budget Correction;70026;True;GeneralExt;;
Table;70102;Budget Correction Journal;70027;True;GeneralExt;;
Table;70107;Forecast Version;70028;True;GeneralExt;;
Table;70117;Giv. Prod. Order Shipment;70029;True;GeneralExt;;
Table;70118;Giv. Prod. Order Receipt;70030;True;GeneralExt;;
Table;70120;CRM Buyers;70031;True;GeneralExt;;
Table;70121;CRM Log;70032;True;GeneralExt;;
Table;70125;CRM Integration Setup;70033;True;GeneralExt;;
Table;70129;Commited Detail;70034;True;GeneralExt;;
Table;70132;Invoice Detail;70035;True;GeneralExt;;
Table;70138;CRM Company;70036;True;GeneralExt;;
Table;70140;Proj. Cost Control Entry Buf.;70037;True;GeneralExt;;
Table;70142;Giv. Prod. Order Job;70038;True;GeneralExt;;
Table;70162;Cust. E-Mail Notify Log;70039;True;GeneralExt;;
Table;70166;Credit-Memo Reason;70040;True;GeneralExt;;
Table;70173;Privete Dimension Value;70041;True;GeneralExt;;
Table;99110;Crm Message Buffer;70042;True;GeneralExt;;
Table;99111;Crm Sub Message Buffer;70043;True;GeneralExt;;
Table;99112;Anaplan Entity;70044;True;GeneralExt;;
Table;99880;BW Account;70045;True;GeneralExt;;
Table;99881;BW Dimension;70046;True;GeneralExt;;
Table;99883;BW Translation Entry;70047;True;GeneralExt;;
Table;99930;Web Request Worker Setup;70048;True;GeneralExt;;
Table;99931;Web Request Queue;70049;True;GeneralExt;;
Table;99932;CRM Prefetched Object;70050;True;GeneralExt;;
Table;99933;Crm Object Message;70051;True;GeneralExt;;
Table;50000;Document Attachment Archive;70200;True;RequestExt;;
Table;70200;Vendor Excel Mapping;70201;True;RequestExt;;
Table;70201;Vendor Excel Header;70202;True;RequestExt;;
Table;70202;Vendor Excel Line;70203;True;RequestExt;;
Table;99900;Item Scanning Entry;70220;True;WhseMgtExt;;
Table;99901;Scanning Buffer;70221;True;WhseMgtExt;;
TableExtension;99990;Gen. Journal Batch BS;70900;True;BankStatement;;
TableExtension;99991;Gen. Journal Line BS;70901;True;BankStatement;;
TableExtension;99992;Bank Acc. Reconciliation BS;70902;True;BankStatement;;
TableExtension;99993;Bank Acc. Reconcil. Line BS;70903;True;BankStatement;;
TableExtension;99994;Transformation Rule BS;70904;True;BankStatement;;
TableExtension;99995;Payment Export Data BS;70905;True;BankStatement;;
TableExtension;99996;Data Exch. Field Mapping BS;70906;True;BankStatement;;
TableExtension;99997;Data Exch. BS;70907;True;BankStatement;;
TableExtension;99998;Bank Account Ledger Entry BS;70908;True;BankStatement;;
TableExtension;99999;Bank Account BS;70909;True;BankStatement;;
TableExtension;80014;Location (Ext);80014;False;GeneralExt;;
TableExtension;80015;G/L Account (Ext);80015;False;GeneralExt;;
TableExtension;80017;G/L Entry (Ext);80017;False;GeneralExt;;
TableExtension;80018;Customer (Ext);80018;False;GeneralExt;;
TableExtension;80023;Vendor (Ext);80023;False;GeneralExt;;
TableExtension;80025;Vendor Ledger Entry (Ext);80025;False;GeneralExt;;
TableExtension;80032;Item Ledger Entry (Ext);80032;False;GeneralExt;;
TableExtension;80036;Sales Header (Ext);80036;False;GeneralExt;;
TableExtension;80038;Purchase Header (Ext);80038;False;GeneralExt;;
TableExtension;80039;Purchase Line (Ext);80039;False;GeneralExt;;
TableExtension;80043;Purch. Comment Line (Ext);80043;False;GeneralExt;;
TableExtension;80079;Company Information (Ext);80079;False;GeneralExt;;
TableExtension;80081;Gen. Journal Line (Ext);80081;False;GeneralExt;;
TableExtension;80091;User Setup (Ext);80091;False;GeneralExt;;
TableExtension;80098;General Ledger Setup (Ext);80098;False;GeneralExt;;
TableExtension;80112;Sales Invoice Header Ext;80112;False;GeneralExt;;
TableExtension;80114;Sales Cr.Memo Header (Ext);80114;False;GeneralExt;;
TableExtension;80122;Purch. Inv. Header (Ext);80122;False;GeneralExt;;
TableExtension;80123;Purch. Inv. Line (Ext);80123;False;GeneralExt;;
TableExtension;80124;Purch. Cr. Memo Hdr. (Ext);80124;False;GeneralExt;;
TableExtension;80125;Purch. Cr. Memo Line (Ext);80125;False;GeneralExt;;
TableExtension;80232;Gen. Journal Batch (Ext);80232;False;GeneralExt;;
TableExtension;80254;Vat Entry GE;80254;False;GeneralExt;;
TableExtension;80270;Bank Account (Ext);80270;False;GeneralExt;;
TableExtension;80311;Sales & Receiv. Setup (Ext);80311;False;GeneralExt;;
TableExtension;80312;Purchases & Payab. Setup (Ext);80312;False;GeneralExt;;
TableExtension;80313;Inventory Setup (Ext);80313;False;GeneralExt;;
TableExtension;80325;VAT Posting Setup GE;80325;False;GeneralExt;;
TableExtension;80349;Dimension Value (Ext);80349;False;GeneralExt;;
TableExtension;80382;CV Ledger Entry Buffer Ext;80382;False;GeneralExt;;
TableExtension;80383;Dtld. CV Ledg. Entry Buf. Ext;80383;False;GeneralExt;;
TableExtension;80454;Approval Entry (Ext);80454;False;GeneralExt;;
TableExtension;80455;Approval Comment Line (Ext);80455;False;GeneralExt;;
TableExtension;81173;Document Attachment (Ext);81173;False;GeneralExt;;
TableExtension;82458;Direct Transfer Header (Ext);82458;False;GeneralExt;;
TableExtension;82459;Direct Transfer Line (Ext);82459;False;GeneralExt;;
TableExtension;85050;Contact (Ext);85050;False;GeneralExt;;
TableExtension;85109;Purchase Header Archive (Ext);85109;False;GeneralExt;;
TableExtension;85110;Purchase Line Archive (Ext);85110;False;GeneralExt;;
TableExtension;85125;Purch. Comment Line Arch. Ext;85125;False;GeneralExt;;
TableExtension;85200;Employee (Ext);85200;False;GeneralExt;;
TableExtension;85600;Fixed Asset (Ext);85600;False;GeneralExt;;
TableExtension;85603;FA Setup (Ext);85603;False;GeneralExt;;
TableExtension;85740;Transfer Header (Ext);85740;False;GeneralExt;;
TableExtension;85741;Transfer Line (Ext);85741;False;GeneralExt;;
TableExtension;85744;Transfer Shipment Header (Ext);85744;False;GeneralExt;;
TableExtension;85745;Transfer Shipment Line (Ext);85745;False;GeneralExt;;
TableExtension;85747;Transfer Receipt Line (Ext);85747;False;GeneralExt;;
TableExtension;85764;Transfer Receipt Header (Ext);85764;False;GeneralExt;;
TableExtension;87301;Warehouse Employee (Ext);87301;False;GeneralExt;;
TableExtension;87354;Bin (Ext);87354;False;GeneralExt;;
TableExtension;92450;Item Document Header (Ext);92450;False;GeneralExt;;
TableExtension;92451;Item Recept Header (GE);92451;False;GeneralExt;;
TableExtension;92453;Item Document Line GE;92453;False;GeneralExt;;
TableExtension;92454;Item Shipment Header GE;92454;False;GeneralExt;;
TableExtension;92472;Posted FA Doc. Line (Ext);92472;False;GeneralExt;;
TableExtension;94901;Vendor Agreement (Ext);94901;False;GeneralExt;;
TableExtension;94902;Customer Agreement (Ext);94902;False;GeneralExt;;
TableExtension;94919;Excel Template (Ext);94919;False;GeneralExt;;
TableExtension;94927;VAT Document Entry Buffer GE;94927;False;GeneralExt;;
XMLport;99999;Data Exch. Import - CSV BS;70280;True;BankStatement;;
